as_of_date,season,competition,club,date,opponent,venue,score_for,score_against,result,player,minutes,started,appeared,shots,shots_on_target,source_provider,source_url,source_freshness,coverage_status
2026-09-15,2025/2026,LaLiga,FC Barcelona,2026-03-22,Rayo Vallecano,home,1,0,W,Dani Olmo,30,0,1,,0,StatMuse,https://www.statmuse.com/fc/ask/barcelona-shots-on-target-in-the-last-15-games?l=laliga,through_2026-09-13,complete_l15_appearance_sot
2026-09-15,2025/2026,LaLiga,FC Barcelona,2026-03-22,Rayo Vallecano,home,1,0,W,Fermín López,60,1,1,,0,StatMuse,https://www.statmuse.com/fc/ask/barcelona-shots-on-target-in-the-last-15-games?l=laliga,through_2026-09-13,complete_l15_appearance_sot
2026-09-15,2025/2026,LaLiga,FC Barcelona,2026-03-22,Rayo Vallecano,home,1,0,W,Ferrán Torres,45,0,1,,0,StatMuse,https://www.statmuse.com/fc/ask/barcelona-shots-on-target-in-the-last-15-games?l=laliga,through_2026-09-13,complete_l15_appearance_sot
2026-09-15,2025/2026,LaLiga,FC Barcelona,2026-03-22,Rayo Vallecano,home,1,0,W,Gerard Martín,90,1,1,,1,StatMuse,https://www.statmuse.com/fc/ask/barcelona-shots-on-target-in-the-last-15-games?l=laliga,through_2026-09-13,complete_l15_appearance_sot
2026-09-15,2025/2026,LaLiga,FC Barcelona,2026-03-22,Rayo Vallecano,home,1,0,W,Joan García,90,1,1,,0,StatMuse,https://www.statmuse.com/fc/ask/barcelona-shots-on-target-in-the-last-15-games?l=laliga,through_2026-09-13,complete_l15_appearance_sot
2026-09-15,2025/2026,LaLiga,FC Barcelona,2026-03-22,Rayo Vallecano,home,1,0,W,João Cancelo,89,1,1,,0,StatMuse,https://www.statmuse.com/fc/ask/barcelona-shots-on-target-in-the-last-15-games?l=laliga,through_2026-09-13,complete_l15_appearance_sot
2026-09-15,2025/2026,LaLiga,FC Barcelona,2026-03-22,Rayo Vallecano,home,1,0,W,Lamine Yamal,81,1,1,,0,StatMuse,https://www.statmuse.com/fc/ask/barcelona-shots-on-target-in-the-last-15-games?l=laliga,through_2026-09-13,complete_l15_appearance_sot
2026-09-15,2025/2026,LaLiga,FC Barcelona,2026-03-22,Rayo Vallecano,home,1,0,W,Marc Bernal,60,1,1,,0,StatMuse,https://www.statmuse.com/fc/ask/barcelona-shots-on-target-in-the-last-15-games?l=laliga,through_2026-09-13,complete_l15_appearance_sot
2026-09-15,2025/2026,LaLiga,FC Barcelona,2026-03-22,Rayo Vallecano,home,1,0,W,Marc Casadó,30,0,1,,0,StatMuse,https://www.statmuse.com/fc/ask/barcelona-shots-on-target-in-the-last-15-games?l=laliga,through_2026-09-13,complete_l15_appearance_sot
2026-09-15,2025/2026,LaLiga,FC Barcelona,2026-03-22,Rayo Vallecano,home,1,0,W,Marcus Rashford,9,0,1,,0,StatMuse,https://www.statmuse.com/fc/ask/barcelona-shots-on-target-in-the-last-15-games?l=laliga,through_2026-09-13,complete_l15_appearance_sot
2026-09-15,2025/2026,LaLiga,FC Barcelona,2026-03-22,Rayo Vallecano,home,1,0,W,Pau Cubarsí,90,1,1,,0,StatMuse,https://www.statmuse.com/fc/ask/barcelona-shots-on-target-in-the-last-15-games?l=laliga,through_2026-09-13,complete_l15_appearance_sot
2026-09-15,2025/2026,LaLiga,FC Barcelona,2026-03-22,Rayo Vallecano,home,1,0,W,Pedri,90,1,1,,0,StatMuse,https://www.statmuse.com/fc/ask/barcelona-shots-on-target-in-the-last-15-games?l=laliga,through_2026-09-13,complete_l15_appearance_sot
2026-09-15,2025/2026,LaLiga,FC Barcelona,2026-03-22,Rayo Vallecano,home,1,0,W,Raphinha,90,1,1,,2,StatMuse,https://www.statmuse.com/fc/ask/barcelona-shots-on-target-in-the-last-15-games?l=laliga,through_2026-09-13,complete_l15_appearance_sot
2026-09-15,2025/2026,LaLiga,FC Barcelona,2026-03-22,Rayo Vallecano,home,1,0,W,Robert Lewandowski,45,1,1,,0,StatMuse,https://www.statmuse.com/fc/ask/barcelona-shots-on-target-in-the-last-15-games?l=laliga,through_2026-09-13,complete_l15_appearance_sot
2026-09-15,2025/2026,LaLiga,FC Barcelona,2026-03-22,Rayo Vallecano,home,1,0,W,Ronald Araújo,90,1,1,,1,StatMuse,https://www.statmuse.com/fc/ask/barcelona-shots-on-target-in-the-last-15-games?l=laliga,through_2026-09-13,complete_l15_appearance_sot
2026-09-15,2025/2026,LaLiga,FC Barcelona,2026-03-22,Rayo Vallecano,home,1,0,W,Xavi Espart,1,0,1,,0,StatMuse,https://www.statmuse.com/fc/ask/barcelona-shots-on-target-in-the-last-15-games?l=laliga,through_2026-09-13,complete_l15_appearance_sot
2026-09-15,2025/2026,LaLiga,FC Barcelona,2026-04-04,Atlético Madrid,away,2,1,W,Dani Olmo,90,1,1,,0,StatMuse,https://www.statmuse.com/fc/ask/barcelona-shots-on-target-in-the-last-15-games?l=laliga,through_2026-09-13,complete_l15_appearance_sot
2026-09-15,2025/2026,LaLiga,FC Barcelona,2026-04-04,Atlético Madrid,away,2,1,W,Eric García,77,1,1,,0,StatMuse,https://www.statmuse.com/fc/ask/barcelona-shots-on-target-in-the-last-15-games?l=laliga,through_2026-09-13,complete_l15_appearance_sot
2026-09-15,2025/2026,LaLiga,FC Barcelona,2026-04-04,Atlético Madrid,away,2,1,W,Fermín López,45,1,1,,1,StatMuse,https://www.statmuse.com/fc/ask/barcelona-shots-on-target-in-the-last-15-games?l=laliga,through_2026-09-13,complete_l15_appearance_sot
2026-09-15,2025/2026,LaLiga,FC Barcelona,2026-04-04,Atlético Madrid,away,2,1,W,Ferrán Torres,45,0,1,,3,StatMuse,https://www.statmuse.com/fc/ask/barcelona-shots-on-target-in-the-last-15-games?l=laliga,through_2026-09-13,complete_l15_appearance_sot
2026-09-15,2025/2026,LaLiga,FC Barcelona,2026-04-04,Atlético Madrid,away,2,1,W,Gavi,13,0,1,,0,StatMuse,https://www.statmuse.com/fc/ask/barcelona-shots-on-target-in-the-last-15-games?l=laliga,through_2026-09-13,complete_l15_appearance_sot
2026-09-15,2025/2026,LaLiga,FC Barcelona,2026-04-04,Atlético Madrid,away,2,1,W,Gerard Martín,90,1,1,,0,StatMuse,https://www.statmuse.com/fc/ask/barcelona-shots-on-target-in-the-last-15-games?l=laliga,through_2026-09-13,complete_l15_appearance_sot
2026-09-15,2025/2026,LaLiga,FC Barcelona,2026-04-04,Atlético Madrid,away,2,1,W,Joan García,90,1,1,,0,StatMuse,https://www.statmuse.com/fc/ask/barcelona-shots-on-target-in-the-last-15-games?l=laliga,through_2026-09-13,complete_l15_appearance_sot
2026-09-15,2025/2026,LaLiga,FC Barcelona,2026-04-04,Atlético Madrid,away,2,1,W,João Cancelo,90,1,1,,1,StatMuse,https://www.statmuse.com/fc/ask/barcelona-shots-on-target-in-the-last-15-games?l=laliga,through_2026-09-13,complete_l15_appearance_sot
2026-09-15,2025/2026,LaLiga,FC Barcelona,2026-04-04,Atlético Madrid,away,2,1,W,Jules Koundé,29,0,1,,0,StatMuse,https://www.statmuse.com/fc/ask/barcelona-shots-on-target-in-the-last-15-games?l=laliga,through_2026-09-13,complete_l15_appearance_sot
2026-09-15,2025/2026,LaLiga,FC Barcelona,2026-04-04,Atlético Madrid,away,2,1,W,Lamine Yamal,90,1,1,,0,StatMuse,https://www.statmuse.com/fc/ask/barcelona-shots-on-target-in-the-last-15-games?l=laliga,through_2026-09-13,complete_l15_appearance_sot
2026-09-15,2025/2026,LaLiga,FC Barcelona,2026-04-04,Atlético Madrid,away,2,1,W,Marc Bernal,51,0,1,,0,StatMuse,https://www.statmuse.com/fc/ask/barcelona-shots-on-target-in-the-last-15-games?l=laliga,through_2026-09-13,complete_l15_appearance_sot
2026-09-15,2025/2026,LaLiga,FC Barcelona,2026-04-04,Atlético Madrid,away,2,1,W,Marcus Rashford,78,1,1,,2,StatMuse,https://www.statmuse.com/fc/ask/barcelona-shots-on-target-in-the-last-15-games?l=laliga,through_2026-09-13,complete_l15_appearance_sot
2026-09-15,2025/2026,LaLiga,FC Barcelona,2026-04-04,Atlético Madrid,away,2,1,W,Pau Cubarsí,90,1,1,,0,StatMuse,https://www.statmuse.com/fc/ask/barcelona-shots-on-target-in-the-last-15-games?l=laliga,through_2026-09-13,complete_l15_appearance_sot
2026-09-15,2025/2026,LaLiga,FC Barcelona,2026-04-04,Atlético Madrid,away,2,1,W,Pedri,90,1,1,,0,StatMuse,https://www.statmuse.com/fc/ask/barcelona-shots-on-target-in-the-last-15-games?l=laliga,through_2026-09-13,complete_l15_appearance_sot
2026-09-15,2025/2026,LaLiga,FC Barcelona,2026-04-04,Atlético Madrid,away,2,1,W,Robert Lewandowski,12,0,1,,1,StatMuse,https://www.statmuse.com/fc/ask/barcelona-shots-on-target-in-the-last-15-games?l=laliga,through_2026-09-13,complete_l15_appearance_sot
2026-09-15,2025/2026,LaLiga,FC Barcelona,2026-04-04,Atlético Madrid,away,2,1,W,Ronald Araújo,39,1,1,,0,StatMuse,https://www.statmuse.com/fc/ask/barcelona-shots-on-target-in-the-last-15-games?l=laliga,through_2026-09-13,complete_l15_appearance_sot
2026-09-15,2025/2026,LaLiga,FC Barcelona,2026-04-11,Espanyol,home,4,1,W,Alejandro Balde,63,1,1,,0,StatMuse,https://www.statmuse.com/fc/ask/barcelona-shots-on-target-in-the-last-15-games?l=laliga,through_2026-09-13,complete_l15_appearance_sot
2026-09-15,2025/2026,LaLiga,FC Barcelona,2026-04-11,Espanyol,home,4,1,W,Dani Olmo,17,0,1,,0,StatMuse,https://www.statmuse.com/fc/ask/barcelona-shots-on-target-in-the-last-15-games?l=laliga,through_2026-09-13,complete_l15_appearance_sot
2026-09-15,2025/2026,LaLiga,FC Barcelona,2026-04-11,Espanyol,home,4,1,W,Eric García,90,1,1,,1,StatMuse,https://www.statmuse.com/fc/ask/barcelona-shots-on-target-in-the-last-15-games?l=laliga,through_2026-09-13,complete_l15_appearance_sot
2026-09-15,2025/2026,LaLiga,FC Barcelona,2026-04-11,Espanyol,home,4,1,W,Fermín López,83,1,1,,2,StatMuse,https://www.statmuse.com/fc/ask/barcelona-shots-on-target-in-the-last-15-games?l=laliga,through_2026-09-13,complete_l15_appearance_sot
2026-09-15,2025/2026,LaLiga,FC Barcelona,2026-04-11,Espanyol,home,4,1,W,Ferrán Torres,73,1,1,,2,StatMuse,https://www.statmuse.com/fc/ask/barcelona-shots-on-target-in-the-last-15-games?l=laliga,through_2026-09-13,complete_l15_appearance_sot
2026-09-15,2025/2026,LaLiga,FC Barcelona,2026-04-11,Espanyol,home,4,1,W,Frenkie de Jong,7,0,1,,0,StatMuse,https://www.statmuse.com/fc/ask/barcelona-shots-on-target-in-the-last-15-games?l=laliga,through_2026-09-13,complete_l15_appearance_sot
2026-09-15,2025/2026,LaLiga,FC Barcelona,2026-04-11,Espanyol,home,4,1,W,Gavi,63,1,1,,0,StatMuse,https://www.statmuse.com/fc/ask/barcelona-shots-on-target-in-the-last-15-games?l=laliga,through_2026-09-13,complete_l15_appearance_sot
2026-09-15,2025/2026,LaLiga,FC Barcelona,2026-04-11,Espanyol,home,4,1,W,Gerard Martín,45,1,1,,0,StatMuse,https://www.statmuse.com/fc/ask/barcelona-shots-on-target-in-the-last-15-games?l=laliga,through_2026-09-13,complete_l15_appearance_sot
2026-09-15,2025/2026,LaLiga,FC Barcelona,2026-04-11,Espanyol,home,4,1,W,Joan García,90,1,1,,0,StatMuse,https://www.statmuse.com/fc/ask/barcelona-shots-on-target-in-the-last-15-games?l=laliga,through_2026-09-13,complete_l15_appearance_sot
2026-09-15,2025/2026,LaLiga,FC Barcelona,2026-04-11,Espanyol,home,4,1,W,João Cancelo,27,0,1,,1,StatMuse,https://www.statmuse.com/fc/ask/barcelona-shots-on-target-in-the-last-15-games?l=laliga,through_2026-09-13,complete_l15_appearance_sot
2026-09-15,2025/2026,LaLiga,FC Barcelona,2026-04-11,Espanyol,home,4,1,W,Lamine Yamal,90,1,1,,2,StatMuse,https://www.statmuse.com/fc/ask/barcelona-shots-on-target-in-the-last-15-games?l=laliga,through_2026-09-13,complete_l15_appearance_sot
2026-09-15,2025/2026,LaLiga,FC Barcelona,2026-04-11,Espanyol,home,4,1,W,Marc Casadó,45,0,1,,0,StatMuse,https://www.statmuse.com/fc/ask/barcelona-shots-on-target-in-the-last-15-games?l=laliga,through_2026-09-13,complete_l15_appearance_sot
2026-09-15,2025/2026,LaLiga,FC Barcelona,2026-04-11,Espanyol,home,4,1,W,Marcus Rashford,27,0,1,,2,StatMuse,https://www.statmuse.com/fc/ask/barcelona-shots-on-target-in-the-last-15-games?l=laliga,through_2026-09-13,complete_l15_appearance_sot
2026-09-15,2025/2026,LaLiga,FC Barcelona,2026-04-11,Espanyol,home,4,1,W,Pau Cubarsí,90,1,1,,0,StatMuse,https://www.statmuse.com/fc/ask/barcelona-shots-on-target-in-the-last-15-games?l=laliga,through_2026-09-13,complete_l15_appearance_sot
2026-09-15,2025/2026,LaLiga,FC Barcelona,2026-04-11,Espanyol,home,4,1,W,Pedri,90,1,1,,0,StatMuse,https://www.statmuse.com/fc/ask/barcelona-shots-on-target-in-the-last-15-games?l=laliga,through_2026-09-13,complete_l15_appearance_sot
2026-09-15,2025/2026,LaLiga,FC Barcelona,2026-04-11,Espanyol,home,4,1,W,Ronald Araújo,90,1,1,,0,StatMuse,https://www.statmuse.com/fc/ask/barcelona-shots-on-target-in-the-last-15-games?l=laliga,through_2026-09-13,complete_l15_appearance_sot
2026-09-15,2025/2026,LaLiga,FC Barcelona,2026-04-22,Celta Vigo,home,1,0,W,Alejandro Balde,68,0,1,,0,StatMuse,https://www.statmuse.com/fc/ask/barcelona-shots-on-target-in-the-last-15-games?l=laliga,through_2026-09-13,complete_l15_appearance_sot
2026-09-15,2025/2026,LaLiga,FC Barcelona,2026-04-22,Celta Vigo,home,1,0,W,Dani Olmo,72,1,1,,0,StatMuse,https://www.statmuse.com/fc/ask/barcelona-shots-on-target-in-the-last-15-games?l=laliga,through_2026-09-13,complete_l15_appearance_sot
2026-09-15,2025/2026,LaLiga,FC Barcelona,2026-04-22,Celta Vigo,home,1,0,W,Eric García,90,1,1,,0,StatMuse,https://www.statmuse.com/fc/ask/barcelona-shots-on-target-in-the-last-15-games?l=laliga,through_2026-09-13,complete_l15_appearance_sot
2026-09-15,2025/2026,LaLiga,FC Barcelona,2026-04-22,Celta Vigo,home,1,0,W,Fermín López,45,1,1,,0,StatMuse,https://www.statmuse.com/fc/ask/barcelona-shots-on-target-in-the-last-15-games?l=laliga,through_2026-09-13,complete_l15_appearance_sot
2026-09-15,2025/2026,LaLiga,FC Barcelona,2026-04-22,Celta Vigo,home,1,0,W,Ferrán Torres,72,1,1,,0,StatMuse,https://www.statmuse.com/fc/ask/barcelona-shots-on-target-in-the-last-15-games?l=laliga,through_2026-09-13,complete_l15_appearance_sot
2026-09-15,2025/2026,LaLiga,FC Barcelona,2026-04-22,Celta Vigo,home,1,0,W,Frenkie de Jong,18,0,1,,0,StatMuse,https://www.statmuse.com/fc/ask/barcelona-shots-on-target-in-the-last-15-games?l=laliga,through_2026-09-13,complete_l15_appearance_sot
2026-09-15,2025/2026,LaLiga,FC Barcelona,2026-04-22,Celta Vigo,home,1,0,W,Gavi,45,0,1,,0,StatMuse,https://www.statmuse.com/fc/ask/barcelona-shots-on-target-in-the-last-15-games?l=laliga,through_2026-09-13,complete_l15_appearance_sot
2026-09-15,2025/2026,LaLiga,FC Barcelona,2026-04-22,Celta Vigo,home,1,0,W,Gerard Martín,90,1,1,,0,StatMuse,https://www.statmuse.com/fc/ask/barcelona-shots-on-target-in-the-last-15-games?l=laliga,through_2026-09-13,complete_l15_appearance_sot
2026-09-15,2025/2026,LaLiga,FC Barcelona,2026-04-22,Celta Vigo,home,1,0,W,Joan García,90,1,1,,0,StatMuse,https://www.statmuse.com/fc/ask/barcelona-shots-on-target-in-the-last-15-games?l=laliga,through_2026-09-13,complete_l15_appearance_sot
2026-09-15,2025/2026,LaLiga,FC Barcelona,2026-04-22,Celta Vigo,home,1,0,W,João Cancelo,22,1,1,,0,StatMuse,https://www.statmuse.com/fc/ask/barcelona-shots-on-target-in-the-last-15-games?l=laliga,through_2026-09-13,complete_l15_appearance_sot
2026-09-15,2025/2026,LaLiga,FC Barcelona,2026-04-22,Celta Vigo,home,1,0,W,Jules Koundé,90,1,1,,0,StatMuse,https://www.statmuse.com/fc/ask/barcelona-shots-on-target-in-the-last-15-games?l=laliga,through_2026-09-13,complete_l15_appearance_sot
2026-09-15,2025/2026,LaLiga,FC Barcelona,2026-04-22,Celta Vigo,home,1,0,W,Lamine Yamal,44,1,1,,1,StatMuse,https://www.statmuse.com/fc/ask/barcelona-shots-on-target-in-the-last-15-games?l=laliga,through_2026-09-13,complete_l15_appearance_sot
2026-09-15,2025/2026,LaLiga,FC Barcelona,2026-04-22,Celta Vigo,home,1,0,W,Marcus Rashford,18,0,1,,0,StatMuse,https://www.statmuse.com/fc/ask/barcelona-shots-on-target-in-the-last-15-games?l=laliga,through_2026-09-13,complete_l15_appearance_sot
2026-09-15,2025/2026,LaLiga,FC Barcelona,2026-04-22,Celta Vigo,home,1,0,W,Pau Cubarsí,90,1,1,,0,StatMuse,https://www.statmuse.com/fc/ask/barcelona-shots-on-target-in-the-last-15-games?l=laliga,through_2026-09-13,complete_l15_appearance_sot
2026-09-15,2025/2026,LaLiga,FC Barcelona,2026-04-22,Celta Vigo,home,1,0,W,Pedri,90,1,1,,1,StatMuse,https://www.statmuse.com/fc/ask/barcelona-shots-on-target-in-the-last-15-games?l=laliga,through_2026-09-13,complete_l15_appearance_sot
2026-09-15,2025/2026,LaLiga,FC Barcelona,2026-04-22,Celta Vigo,home,1,0,W,Roony Bardghji,46,0,1,,1,StatMuse,https://www.statmuse.com/fc/ask/barcelona-shots-on-target-in-the-last-15-games?l=laliga,through_2026-09-13,complete_l15_appearance_sot
2026-09-15,2025/2026,LaLiga,FC Barcelona,2026-04-25,Getafe,away,2,0,W,Alejandro Balde,9,0,1,,0,StatMuse,https://www.statmuse.com/fc/ask/barcelona-shots-on-target-in-the-last-15-games?l=laliga,through_2026-09-13,complete_l15_appearance_sot
2026-09-15,2025/2026,LaLiga,FC Barcelona,2026-04-25,Getafe,away,2,0,W,Dani Olmo,90,1,1,,1,StatMuse,https://www.statmuse.com/fc/ask/barcelona-shots-on-target-in-the-last-15-games?l=laliga,through_2026-09-13,complete_l15_appearance_sot
2026-09-15,2025/2026,LaLiga,FC Barcelona,2026-04-25,Getafe,away,2,0,W,Fermín López,81,1,1,,1,StatMuse,https://www.statmuse.com/fc/ask/barcelona-shots-on-target-in-the-last-15-games?l=laliga,through_2026-09-13,complete_l15_appearance_sot
2026-09-15,2025/2026,LaLiga,FC Barcelona,2026-04-25,Getafe,away,2,0,W,Frenkie de Jong,31,0,1,,0,StatMuse,https://www.statmuse.com/fc/ask/barcelona-shots-on-target-in-the-last-15-games?l=laliga,through_2026-09-13,complete_l15_appearance_sot
2026-09-15,2025/2026,LaLiga,FC Barcelona,2026-04-25,Getafe,away,2,0,W,Gavi,59,1,1,,0,StatMuse,https://www.statmuse.com/fc/ask/barcelona-shots-on-target-in-the-last-15-games?l=laliga,through_2026-09-13,complete_l15_appearance_sot
2026-09-15,2025/2026,LaLiga,FC Barcelona,2026-04-25,Getafe,away,2,0,W,Gerard Martín,90,1,1,,1,StatMuse,https://www.statmuse.com/fc/ask/barcelona-shots-on-target-in-the-last-15-games?l=laliga,through_2026-09-13,complete_l15_appearance_sot
2026-09-15,2025/2026,LaLiga,FC Barcelona,2026-04-25,Getafe,away,2,0,W,Joan García,90,1,1,,0,StatMuse,https://www.statmuse.com/fc/ask/barcelona-shots-on-target-in-the-last-15-games?l=laliga,through_2026-09-13,complete_l15_appearance_sot
2026-09-15,2025/2026,LaLiga,FC Barcelona,2026-04-25,Getafe,away,2,0,W,João Cancelo,90,1,1,,0,StatMuse,https://www.statmuse.com/fc/ask/barcelona-shots-on-target-in-the-last-15-games?l=laliga,through_2026-09-13,complete_l15_appearance_sot
2026-09-15,2025/2026,LaLiga,FC Barcelona,2026-04-25,Getafe,away,2,0,W,Jules Koundé,59,1,1,,0,StatMuse,https://www.statmuse.com/fc/ask/barcelona-shots-on-target-in-the-last-15-games?l=laliga,through_2026-09-13,complete_l15_appearance_sot
2026-09-15,2025/2026,LaLiga,FC Barcelona,2026-04-25,Getafe,away,2,0,W,Marc Casadó,3,0,1,,0,StatMuse,https://www.statmuse.com/fc/ask/barcelona-shots-on-target-in-the-last-15-games?l=laliga,through_2026-09-13,complete_l15_appearance_sot
2026-09-15,2025/2026,LaLiga,FC Barcelona,2026-04-25,Getafe,away,2,0,W,Marcus Rashford,31,0,1,,1,StatMuse,https://www.statmuse.com/fc/ask/barcelona-shots-on-target-in-the-last-15-games?l=laliga,through_2026-09-13,complete_l15_appearance_sot
2026-09-15,2025/2026,LaLiga,FC Barcelona,2026-04-25,Getafe,away,2,0,W,Pau Cubarsí,90,1,1,,0,StatMuse,https://www.statmuse.com/fc/ask/barcelona-shots-on-target-in-the-last-15-games?l=laliga,through_2026-09-13,complete_l15_appearance_sot
2026-09-15,2025/2026,LaLiga,FC Barcelona,2026-04-25,Getafe,away,2,0,W,Pedri,87,1,1,,0,StatMuse,https://www.statmuse.com/fc/ask/barcelona-shots-on-target-in-the-last-15-games?l=laliga,through_2026-09-13,complete_l15_appearance_sot
2026-09-15,2025/2026,LaLiga,FC Barcelona,2026-04-25,Getafe,away,2,0,W,Robert Lewandowski,90,1,1,,0,StatMuse,https://www.statmuse.com/fc/ask/barcelona-shots-on-target-in-the-last-15-games?l=laliga,through_2026-09-13,complete_l15_appearance_sot
2026-09-15,2025/2026,LaLiga,FC Barcelona,2026-04-25,Getafe,away,2,0,W,Ronald Araújo,31,0,1,,0,StatMuse,https://www.statmuse.com/fc/ask/barcelona-shots-on-target-in-the-last-15-games?l=laliga,through_2026-09-13,complete_l15_appearance_sot
2026-09-15,2025/2026,LaLiga,FC Barcelona,2026-04-25,Getafe,away,2,0,W,Roony Bardghji,59,1,1,,0,StatMuse,https://www.statmuse.com/fc/ask/barcelona-shots-on-target-in-the-last-15-games?l=laliga,through_2026-09-13,complete_l15_appearance_sot
2026-09-15,2025/2026,LaLiga,FC Barcelona,2026-05-02,Osasuna,away,2,1,W,Dani Olmo,61,1,1,,0,StatMuse,https://www.statmuse.com/fc/ask/barcelona-shots-on-target-in-the-last-15-games?l=laliga,through_2026-09-13,complete_l15_appearance_sot
2026-09-15,2025/2026,LaLiga,FC Barcelona,2026-05-02,Osasuna,away,2,1,W,Eric García,81,1,1,,0,StatMuse,https://www.statmuse.com/fc/ask/barcelona-shots-on-target-in-the-last-15-games?l=laliga,through_2026-09-13,complete_l15_appearance_sot
2026-09-15,2025/2026,LaLiga,FC Barcelona,2026-05-02,Osasuna,away,2,1,W,Fermín López,90,1,1,,1,StatMuse,https://www.statmuse.com/fc/ask/barcelona-shots-on-target-in-the-last-15-games?l=laliga,through_2026-09-13,complete_l15_appearance_sot
2026-09-15,2025/2026,LaLiga,FC Barcelona,2026-05-02,Osasuna,away,2,1,W,Ferrán Torres,29,0,1,,1,StatMuse,https://www.statmuse.com/fc/ask/barcelona-shots-on-target-in-the-last-15-games?l=laliga,through_2026-09-13,complete_l15_appearance_sot
2026-09-15,2025/2026,LaLiga,FC Barcelona,2026-05-02,Osasuna,away,2,1,W,Frenkie de Jong,29,0,1,,0,StatMuse,https://www.statmuse.com/fc/ask/barcelona-shots-on-target-in-the-last-15-games?l=laliga,through_2026-09-13,complete_l15_appearance_sot
2026-09-15,2025/2026,LaLiga,FC Barcelona,2026-05-02,Osasuna,away,2,1,W,Gavi,61,1,1,,0,StatMuse,https://www.statmuse.com/fc/ask/barcelona-shots-on-target-in-the-last-15-games?l=laliga,through_2026-09-13,complete_l15_appearance_sot
2026-09-15,2025/2026,LaLiga,FC Barcelona,2026-05-02,Osasuna,away,2,1,W,Gerard Martín,90,1,1,,0,StatMuse,https://www.statmuse.com/fc/ask/barcelona-shots-on-target-in-the-last-15-games?l=laliga,through_2026-09-13,complete_l15_appearance_sot
2026-09-15,2025/2026,LaLiga,FC Barcelona,2026-05-02,Osasuna,away,2,1,W,Joan García,90,1,1,,0,StatMuse,https://www.statmuse.com/fc/ask/barcelona-shots-on-target-in-the-last-15-games?l=laliga,through_2026-09-13,complete_l15_appearance_sot
2026-09-15,2025/2026,LaLiga,FC Barcelona,2026-05-02,Osasuna,away,2,1,W,João Cancelo,90,1,1,,0,StatMuse,https://www.statmuse.com/fc/ask/barcelona-shots-on-target-in-the-last-15-games?l=laliga,through_2026-09-13,complete_l15_appearance_sot
2026-09-15,2025/2026,LaLiga,FC Barcelona,2026-05-02,Osasuna,away,2,1,W,Marc Bernal,3,0,1,,0,StatMuse,https://www.statmuse.com/fc/ask/barcelona-shots-on-target-in-the-last-15-games?l=laliga,through_2026-09-13,complete_l15_appearance_sot
2026-09-15,2025/2026,LaLiga,FC Barcelona,2026-05-02,Osasuna,away,2,1,W,Marcus Rashford,29,0,1,,0,StatMuse,https://www.statmuse.com/fc/ask/barcelona-shots-on-target-in-the-last-15-games?l=laliga,through_2026-09-13,complete_l15_appearance_sot
2026-09-15,2025/2026,LaLiga,FC Barcelona,2026-05-02,Osasuna,away,2,1,W,Pau Cubarsí,90,1,1,,0,StatMuse,https://www.statmuse.com/fc/ask/barcelona-shots-on-target-in-the-last-15-games?l=laliga,through_2026-09-13,complete_l15_appearance_sot
2026-09-15,2025/2026,LaLiga,FC Barcelona,2026-05-02,Osasuna,away,2,1,W,Pedri,87,1,1,,0,StatMuse,https://www.statmuse.com/fc/ask/barcelona-shots-on-target-in-the-last-15-games?l=laliga,through_2026-09-13,complete_l15_appearance_sot
2026-09-15,2025/2026,LaLiga,FC Barcelona,2026-05-02,Osasuna,away,2,1,W,Robert Lewandowski,90,1,1,,1,StatMuse,https://www.statmuse.com/fc/ask/barcelona-shots-on-target-in-the-last-15-games?l=laliga,through_2026-09-13,complete_l15_appearance_sot
2026-09-15,2025/2026,LaLiga,FC Barcelona,2026-05-02,Osasuna,away,2,1,W,Ronald Araújo,9,0,1,,0,StatMuse,https://www.statmuse.com/fc/ask/barcelona-shots-on-target-in-the-last-15-games?l=laliga,through_2026-09-13,complete_l15_appearance_sot
2026-09-15,2025/2026,LaLiga,FC Barcelona,2026-05-02,Osasuna,away,2,1,W,Roony Bardghji,61,1,1,,1,StatMuse,https://www.statmuse.com/fc/ask/barcelona-shots-on-target-in-the-last-15-games?l=laliga,through_2026-09-13,complete_l15_appearance_sot
2026-09-15,2025/2026,LaLiga,FC Barcelona,2026-05-10,Real Madrid,home,2,0,W,Alejandro Balde,3,0,1,,0,StatMuse,https://www.statmuse.com/fc/ask/barcelona-shots-on-target-in-the-last-15-games?l=laliga,through_2026-09-13,complete_l15_appearance_sot
2026-09-15,2025/2026,LaLiga,FC Barcelona,2026-05-10,Real Madrid,home,2,0,W,Dani Olmo,63,1,1,,0,StatMuse,https://www.statmuse.com/fc/ask/barcelona-shots-on-target-in-the-last-15-games?l=laliga,through_2026-09-13,complete_l15_appearance_sot
2026-09-15,2025/2026,LaLiga,FC Barcelona,2026-05-10,Real Madrid,home,2,0,W,Eric García,90,1,1,,0,StatMuse,https://www.statmuse.com/fc/ask/barcelona-shots-on-target-in-the-last-15-games?l=laliga,through_2026-09-13,complete_l15_appearance_sot
2026-09-15,2025/2026,LaLiga,FC Barcelona,2026-05-10,Real Madrid,home,2,0,W,Fermín López,87,1,1,,1,StatMuse,https://www.statmuse.com/fc/ask/barcelona-shots-on-target-in-the-last-15-games?l=laliga,through_2026-09-13,complete_l15_appearance_sot
2026-09-15,2025/2026,LaLiga,FC Barcelona,2026-05-10,Real Madrid,home,2,0,W,Ferrán Torres,76,1,1,,2,StatMuse,https://www.statmuse.com/fc/ask/barcelona-shots-on-target-in-the-last-15-games?l=laliga,through_2026-09-13,complete_l15_appearance_sot
2026-09-15,2025/2026,LaLiga,FC Barcelona,2026-05-10,Real Madrid,home,2,0,W,Frenkie de Jong,27,0,1,,0,StatMuse,https://www.statmuse.com/fc/ask/barcelona-shots-on-target-in-the-last-15-games?l=laliga,through_2026-09-13,complete_l15_appearance_sot
2026-09-15,2025/2026,LaLiga,FC Barcelona,2026-05-10,Real Madrid,home,2,0,W,Gavi,76,1,1,,0,StatMuse,https://www.statmuse.com/fc/ask/barcelona-shots-on-target-in-the-last-15-games?l=laliga,through_2026-09-13,complete_l15_appearance_sot
2026-09-15,2025/2026,LaLiga,FC Barcelona,2026-05-10,Real Madrid,home,2,0,W,Gerard Martín,90,1,1,,0,StatMuse,https://www.statmuse.com/fc/ask/barcelona-shots-on-target-in-the-last-15-games?l=laliga,through_2026-09-13,complete_l15_appearance_sot
2026-09-15,2025/2026,LaLiga,FC Barcelona,2026-05-10,Real Madrid,home,2,0,W,Joan García,90,1,1,,0,StatMuse,https://www.statmuse.com/fc/ask/barcelona-shots-on-target-in-the-last-15-games?l=laliga,through_2026-09-13,complete_l15_appearance_sot
2026-09-15,2025/2026,LaLiga,FC Barcelona,2026-05-10,Real Madrid,home,2,0,W,João Cancelo,90,1,1,,0,StatMuse,https://www.statmuse.com/fc/ask/barcelona-shots-on-target-in-the-last-15-games?l=laliga,through_2026-09-13,complete_l15_appearance_sot
2026-09-15,2025/2026,LaLiga,FC Barcelona,2026-05-10,Real Madrid,home,2,0,W,Marc Bernal,14,0,1,,0,StatMuse,https://www.statmuse.com/fc/ask/barcelona-shots-on-target-in-the-last-15-games?l=laliga,through_2026-09-13,complete_l15_appearance_sot
2026-09-15,2025/2026,LaLiga,FC Barcelona,2026-05-10,Real Madrid,home,2,0,W,Marcus Rashford,63,1,1,,2,StatMuse,https://www.statmuse.com/fc/ask/barcelona-shots-on-target-in-the-last-15-games?l=laliga,through_2026-09-13,complete_l15_appearance_sot
2026-09-15,2025/2026,LaLiga,FC Barcelona,2026-05-10,Real Madrid,home,2,0,W,Pau Cubarsí,90,1,1,,0,StatMuse,https://www.statmuse.com/fc/ask/barcelona-shots-on-target-in-the-last-15-games?l=laliga,through_2026-09-13,complete_l15_appearance_sot
2026-09-15,2025/2026,LaLiga,FC Barcelona,2026-05-10,Real Madrid,home,2,0,W,Pedri,90,1,1,,0,StatMuse,https://www.statmuse.com/fc/ask/barcelona-shots-on-target-in-the-last-15-games?l=laliga,through_2026-09-13,complete_l15_appearance_sot
2026-09-15,2025/2026,LaLiga,FC Barcelona,2026-05-10,Real Madrid,home,2,0,W,Raphinha,27,0,1,,1,StatMuse,https://www.statmuse.com/fc/ask/barcelona-shots-on-target-in-the-last-15-games?l=laliga,through_2026-09-13,complete_l15_appearance_sot
2026-09-15,2025/2026,LaLiga,FC Barcelona,2026-05-10,Real Madrid,home,2,0,W,Robert Lewandowski,14,0,1,,1,StatMuse,https://www.statmuse.com/fc/ask/barcelona-shots-on-target-in-the-last-15-games?l=laliga,through_2026-09-13,complete_l15_appearance_sot
2026-09-15,2025/2026,LaLiga,FC Barcelona,2026-05-13,Alavés,away,0,1,L,Alejandro Balde,78,1,1,,0,StatMuse,https://www.statmuse.com/fc/ask/barcelona-shots-on-target-in-the-last-15-games?l=laliga,through_2026-09-13,complete_l15_appearance_sot
2026-09-15,2025/2026,LaLiga,FC Barcelona,2026-05-13,Alavés,away,0,1,L,Álvaro Cortés,90,1,1,,0,StatMuse,https://www.statmuse.com/fc/ask/barcelona-shots-on-target-in-the-last-15-games?l=laliga,through_2026-09-13,complete_l15_appearance_sot
2026-09-15,2025/2026,LaLiga,FC Barcelona,2026-05-13,Alavés,away,0,1,L,Dani Olmo,90,1,1,,0,StatMuse,https://www.statmuse.com/fc/ask/barcelona-shots-on-target-in-the-last-15-games?l=laliga,through_2026-09-13,complete_l15_appearance_sot
2026-09-15,2025/2026,LaLiga,FC Barcelona,2026-05-13,Alavés,away,0,1,L,Ferrán Torres,29,0,1,,0,StatMuse,https://www.statmuse.com/fc/ask/barcelona-shots-on-target-in-the-last-15-games?l=laliga,through_2026-09-13,complete_l15_appearance_sot
2026-09-15,2025/2026,LaLiga,FC Barcelona,2026-05-13,Alavés,away,0,1,L,João Cancelo,12,0,1,,0,StatMuse,https://www.statmuse.com/fc/ask/barcelona-shots-on-target-in-the-last-15-games?l=laliga,through_2026-09-13,complete_l15_appearance_sot
2026-09-15,2025/2026,LaLiga,FC Barcelona,2026-05-13,Alavés,away,0,1,L,Jules Koundé,90,1,1,,0,StatMuse,https://www.statmuse.com/fc/ask/barcelona-shots-on-target-in-the-last-15-games?l=laliga,through_2026-09-13,complete_l15_appearance_sot
2026-09-15,2025/2026,LaLiga,FC Barcelona,2026-05-13,Alavés,away,0,1,L,Marc Bernal,86,1,1,,0,StatMuse,https://www.statmuse.com/fc/ask/barcelona-shots-on-target-in-the-last-15-games?l=laliga,through_2026-09-13,complete_l15_appearance_sot
2026-09-15,2025/2026,LaLiga,FC Barcelona,2026-05-13,Alavés,away,0,1,L,Marc Casadó,61,1,1,,0,StatMuse,https://www.statmuse.com/fc/ask/barcelona-shots-on-target-in-the-last-15-games?l=laliga,through_2026-09-13,complete_l15_appearance_sot
2026-09-15,2025/2026,LaLiga,FC Barcelona,2026-05-13,Alavés,away,0,1,L,Marcus Rashford,90,1,1,,0,StatMuse,https://www.statmuse.com/fc/ask/barcelona-shots-on-target-in-the-last-15-games?l=laliga,through_2026-09-13,complete_l15_appearance_sot
2026-09-15,2025/2026,LaLiga,FC Barcelona,2026-05-13,Alavés,away,0,1,L,Pau Cubarsí,61,1,1,,0,StatMuse,https://www.statmuse.com/fc/ask/barcelona-shots-on-target-in-the-last-15-games?l=laliga,through_2026-09-13,complete_l15_appearance_sot
2026-09-15,2025/2026,LaLiga,FC Barcelona,2026-05-13,Alavés,away,0,1,L,Pedri,29,0,1,,0,StatMuse,https://www.statmuse.com/fc/ask/barcelona-shots-on-target-in-the-last-15-games?l=laliga,through_2026-09-13,complete_l15_appearance_sot
2026-09-15,2025/2026,LaLiga,FC Barcelona,2026-05-13,Alavés,away,0,1,L,Robert Lewandowski,90,1,1,,0,StatMuse,https://www.statmuse.com/fc/ask/barcelona-shots-on-target-in-the-last-15-games?l=laliga,through_2026-09-13,complete_l15_appearance_sot
2026-09-15,2025/2026,LaLiga,FC Barcelona,2026-05-13,Alavés,away,0,1,L,Roony Bardghji,61,1,1,,0,StatMuse,https://www.statmuse.com/fc/ask/barcelona-shots-on-target-in-the-last-15-games?l=laliga,through_2026-09-13,complete_l15_appearance_sot
2026-09-15,2025/2026,LaLiga,FC Barcelona,2026-05-13,Alavés,away,0,1,L,Tomas Marques,4,0,1,,0,StatMuse,https://www.statmuse.com/fc/ask/barcelona-shots-on-target-in-the-last-15-games?l=laliga,through_2026-09-13,complete_l15_appearance_sot
2026-09-15,2025/2026,LaLiga,FC Barcelona,2026-05-13,Alavés,away,0,1,L,Wojciech Szczęsny,90,1,1,,0,StatMuse,https://www.statmuse.com/fc/ask/barcelona-shots-on-target-in-the-last-15-games?l=laliga,through_2026-09-13,complete_l15_appearance_sot
2026-09-15,2025/2026,LaLiga,FC Barcelona,2026-05-13,Alavés,away,0,1,L,Xavi Espart,29,0,1,,0,StatMuse,https://www.statmuse.com/fc/ask/barcelona-shots-on-target-in-the-last-15-games?l=laliga,through_2026-09-13,complete_l15_appearance_sot
2026-09-15,2025/2026,LaLiga,FC Barcelona,2026-05-17,Real Betis,home,3,1,W,Alejandro Balde,45,0,1,,0,StatMuse,https://www.statmuse.com/fc/ask/barcelona-shots-on-target-in-the-last-15-games?l=laliga,through_2026-09-13,complete_l15_appearance_sot
2026-09-15,2025/2026,LaLiga,FC Barcelona,2026-05-17,Real Betis,home,3,1,W,Dani Olmo,16,0,1,,0,StatMuse,https://www.statmuse.com/fc/ask/barcelona-shots-on-target-in-the-last-15-games?l=laliga,through_2026-09-13,complete_l15_appearance_sot
2026-09-15,2025/2026,LaLiga,FC Barcelona,2026-05-17,Real Betis,home,3,1,W,Eric García,63,1,1,,0,StatMuse,https://www.statmuse.com/fc/ask/barcelona-shots-on-target-in-the-last-15-games?l=laliga,through_2026-09-13,complete_l15_appearance_sot
2026-09-15,2025/2026,LaLiga,FC Barcelona,2026-05-17,Real Betis,home,3,1,W,Fermín López,45,1,1,,2,StatMuse,https://www.statmuse.com/fc/ask/barcelona-shots-on-target-in-the-last-15-games?l=laliga,through_2026-09-13,complete_l15_appearance_sot
2026-09-15,2025/2026,LaLiga,FC Barcelona,2026-05-17,Real Betis,home,3,1,W,Gavi,90,1,1,,0,StatMuse,https://www.statmuse.com/fc/ask/barcelona-shots-on-target-in-the-last-15-games?l=laliga,through_2026-09-13,complete_l15_appearance_sot
2026-09-15,2025/2026,LaLiga,FC Barcelona,2026-05-17,Real Betis,home,3,1,W,Gerard Martín,90,1,1,,1,StatMuse,https://www.statmuse.com/fc/ask/barcelona-shots-on-target-in-the-last-15-games?l=laliga,through_2026-09-13,complete_l15_appearance_sot
2026-09-15,2025/2026,LaLiga,FC Barcelona,2026-05-17,Real Betis,home,3,1,W,Joan García,90,1,1,,0,StatMuse,https://www.statmuse.com/fc/ask/barcelona-shots-on-target-in-the-last-15-games?l=laliga,through_2026-09-13,complete_l15_appearance_sot
2026-09-15,2025/2026,LaLiga,FC Barcelona,2026-05-17,Real Betis,home,3,1,W,João Cancelo,90,1,1,,1,StatMuse,https://www.statmuse.com/fc/ask/barcelona-shots-on-target-in-the-last-15-games?l=laliga,through_2026-09-13,complete_l15_appearance_sot
2026-09-15,2025/2026,LaLiga,FC Barcelona,2026-05-17,Real Betis,home,3,1,W,Jules Koundé,90,1,1,,1,StatMuse,https://www.statmuse.com/fc/ask/barcelona-shots-on-target-in-the-last-15-games?l=laliga,through_2026-09-13,complete_l15_appearance_sot
2026-09-15,2025/2026,LaLiga,FC Barcelona,2026-05-17,Real Betis,home,3,1,W,Marc Bernal,74,1,1,,0,StatMuse,https://www.statmuse.com/fc/ask/barcelona-shots-on-target-in-the-last-15-games?l=laliga,through_2026-09-13,complete_l15_appearance_sot
2026-09-15,2025/2026,LaLiga,FC Barcelona,2026-05-17,Real Betis,home,3,1,W,Marc Casadó,6,0,1,,0,StatMuse,https://www.statmuse.com/fc/ask/barcelona-shots-on-target-in-the-last-15-games?l=laliga,through_2026-09-13,complete_l15_appearance_sot
2026-09-15,2025/2026,LaLiga,FC Barcelona,2026-05-17,Real Betis,home,3,1,W,Pedri,90,1,1,,0,StatMuse,https://www.statmuse.com/fc/ask/barcelona-shots-on-target-in-the-last-15-games?l=laliga,through_2026-09-13,complete_l15_appearance_sot
2026-09-15,2025/2026,LaLiga,FC Barcelona,2026-05-17,Real Betis,home,3,1,W,Raphinha,62,1,1,,4,StatMuse,https://www.statmuse.com/fc/ask/barcelona-shots-on-target-in-the-last-15-games?l=laliga,through_2026-09-13,complete_l15_appearance_sot
2026-09-15,2025/2026,LaLiga,FC Barcelona,2026-05-17,Real Betis,home,3,1,W,Robert Lewandowski,84,1,1,,0,StatMuse,https://www.statmuse.com/fc/ask/barcelona-shots-on-target-in-the-last-15-games?l=laliga,through_2026-09-13,complete_l15_appearance_sot
2026-09-15,2025/2026,LaLiga,FC Barcelona,2026-05-17,Real Betis,home,3,1,W,Ronald Araújo,27,0,1,,0,StatMuse,https://www.statmuse.com/fc/ask/barcelona-shots-on-target-in-the-last-15-games?l=laliga,through_2026-09-13,complete_l15_appearance_sot
2026-09-15,2025/2026,LaLiga,FC Barcelona,2026-05-17,Real Betis,home,3,1,W,Roony Bardghji,28,0,1,,0,StatMuse,https://www.statmuse.com/fc/ask/barcelona-shots-on-target-in-the-last-15-games?l=laliga,through_2026-09-13,complete_l15_appearance_sot
2026-09-15,2025/2026,LaLiga,FC Barcelona,2026-05-23,Valencia,away,1,3,L,Alejandro Balde,90,1,1,,0,StatMuse,https://www.statmuse.com/fc/ask/barcelona-shots-on-target-in-the-last-15-games?l=laliga,through_2026-09-13,complete_l15_appearance_sot
2026-09-15,2025/2026,LaLiga,FC Barcelona,2026-05-23,Valencia,away,1,3,L,Andreas Christensen,29,0,1,,2,StatMuse,https://www.statmuse.com/fc/ask/barcelona-shots-on-target-in-the-last-15-games?l=laliga,through_2026-09-13,complete_l15_appearance_sot
2026-09-15,2025/2026,LaLiga,FC Barcelona,2026-05-23,Valencia,away,1,3,L,Dani Olmo,61,1,1,,0,StatMuse,https://www.statmuse.com/fc/ask/barcelona-shots-on-target-in-the-last-15-games?l=laliga,through_2026-09-13,complete_l15_appearance_sot
2026-09-15,2025/2026,LaLiga,FC Barcelona,2026-05-23,Valencia,away,1,3,L,Eric García,61,1,1,,0,StatMuse,https://www.statmuse.com/fc/ask/barcelona-shots-on-target-in-the-last-15-games?l=laliga,through_2026-09-13,complete_l15_appearance_sot
2026-09-15,2025/2026,LaLiga,FC Barcelona,2026-05-23,Valencia,away,1,3,L,Ferrán Torres,82,1,1,,1,StatMuse,https://www.statmuse.com/fc/ask/barcelona-shots-on-target-in-the-last-15-games?l=laliga,through_2026-09-13,complete_l15_appearance_sot
2026-09-15,2025/2026,LaLiga,FC Barcelona,2026-05-23,Valencia,away,1,3,L,Frenkie de Jong,29,0,1,,0,StatMuse,https://www.statmuse.com/fc/ask/barcelona-shots-on-target-in-the-last-15-games?l=laliga,through_2026-09-13,complete_l15_appearance_sot
2026-09-15,2025/2026,LaLiga,FC Barcelona,2026-05-23,Valencia,away,1,3,L,Gavi,90,1,1,,0,StatMuse,https://www.statmuse.com/fc/ask/barcelona-shots-on-target-in-the-last-15-games?l=laliga,through_2026-09-13,complete_l15_appearance_sot
2026-09-15,2025/2026,LaLiga,FC Barcelona,2026-05-23,Valencia,away,1,3,L,Gerard Martín,90,1,1,,0,StatMuse,https://www.statmuse.com/fc/ask/barcelona-shots-on-target-in-the-last-15-games?l=laliga,through_2026-09-13,complete_l15_appearance_sot
2026-09-15,2025/2026,LaLiga,FC Barcelona,2026-05-23,Valencia,away,1,3,L,João Cancelo,8,0,1,,0,StatMuse,https://www.statmuse.com/fc/ask/barcelona-shots-on-target-in-the-last-15-games?l=laliga,through_2026-09-13,complete_l15_appearance_sot
2026-09-15,2025/2026,LaLiga,FC Barcelona,2026-05-23,Valencia,away,1,3,L,Marc Bernal,82,1,1,,0,StatMuse,https://www.statmuse.com/fc/ask/barcelona-shots-on-target-in-the-last-15-games?l=laliga,through_2026-09-13,complete_l15_appearance_sot
2026-09-15,2025/2026,LaLiga,FC Barcelona,2026-05-23,Valencia,away,1,3,L,Marc Casadó,8,0,1,,0,StatMuse,https://www.statmuse.com/fc/ask/barcelona-shots-on-target-in-the-last-15-games?l=laliga,through_2026-09-13,complete_l15_appearance_sot
2026-09-15,2025/2026,LaLiga,FC Barcelona,2026-05-23,Valencia,away,1,3,L,Marcus Rashford,90,1,1,,0,StatMuse,https://www.statmuse.com/fc/ask/barcelona-shots-on-target-in-the-last-15-games?l=laliga,through_2026-09-13,complete_l15_appearance_sot
2026-09-15,2025/2026,LaLiga,FC Barcelona,2026-05-23,Valencia,away,1,3,L,Robert Lewandowski,90,1,1,,1,StatMuse,https://www.statmuse.com/fc/ask/barcelona-shots-on-target-in-the-last-15-games?l=laliga,through_2026-09-13,complete_l15_appearance_sot
2026-09-15,2025/2026,LaLiga,FC Barcelona,2026-05-23,Valencia,away,1,3,L,Ronald Araújo,45,1,1,,0,StatMuse,https://www.statmuse.com/fc/ask/barcelona-shots-on-target-in-the-last-15-games?l=laliga,through_2026-09-13,complete_l15_appearance_sot
2026-09-15,2025/2026,LaLiga,FC Barcelona,2026-05-23,Valencia,away,1,3,L,Wojciech Szczęsny,90,1,1,,0,StatMuse,https://www.statmuse.com/fc/ask/barcelona-shots-on-target-in-the-last-15-games?l=laliga,through_2026-09-13,complete_l15_appearance_sot
2026-09-15,2025/2026,LaLiga,FC Barcelona,2026-05-23,Valencia,away,1,3,L,Xavi Espart,45,0,1,,0,StatMuse,https://www.statmuse.com/fc/ask/barcelona-shots-on-target-in-the-last-15-games?l=laliga,through_2026-09-13,complete_l15_appearance_sot
2026-09-15,2026/2027,LaLiga,FC Barcelona,2026-08-23,Elche,away,5,0,W,Andreas Christensen,90,1,1,,0,StatMuse,https://www.statmuse.com/fc/ask/barcelona-shots-on-target-in-the-last-15-games?l=laliga,through_2026-09-13,complete_l15_appearance_sot
2026-09-15,2026/2027,LaLiga,FC Barcelona,2026-08-23,Elche,away,5,0,W,Anthony Gordon,26,0,1,,1,StatMuse,https://www.statmuse.com/fc/ask/barcelona-shots-on-target-in-the-last-15-games?l=laliga,through_2026-09-13,complete_l15_appearance_sot
2026-09-15,2026/2027,LaLiga,FC Barcelona,2026-08-23,Elche,away,5,0,W,Dani Olmo,26,0,1,,0,StatMuse,https://www.statmuse.com/fc/ask/barcelona-shots-on-target-in-the-last-15-games?l=laliga,through_2026-09-13,complete_l15_appearance_sot
2026-09-15,2026/2027,LaLiga,FC Barcelona,2026-08-23,Elche,away,5,0,W,Eric García,90,1,1,,0,StatMuse,https://www.statmuse.com/fc/ask/barcelona-shots-on-target-in-the-last-15-games?l=laliga,through_2026-09-13,complete_l15_appearance_sot
2026-09-15,2026/2027,LaLiga,FC Barcelona,2026-08-23,Elche,away,5,0,W,Fermín López,90,1,1,,2,StatMuse,https://www.statmuse.com/fc/ask/barcelona-shots-on-target-in-the-last-15-games?l=laliga,through_2026-09-13,complete_l15_appearance_sot
2026-09-15,2026/2027,LaLiga,FC Barcelona,2026-08-23,Elche,away,5,0,W,Gavi,45,1,1,,0,StatMuse,https://www.statmuse.com/fc/ask/barcelona-shots-on-target-in-the-last-15-games?l=laliga,through_2026-09-13,complete_l15_appearance_sot
2026-09-15,2026/2027,LaLiga,FC Barcelona,2026-08-23,Elche,away,5,0,W,Gerard Martín,90,1,1,,0,StatMuse,https://www.statmuse.com/fc/ask/barcelona-shots-on-target-in-the-last-15-games?l=laliga,through_2026-09-13,complete_l15_appearance_sot
2026-09-15,2026/2027,LaLiga,FC Barcelona,2026-08-23,Elche,away,5,0,W,Joan García,90,1,1,,0,StatMuse,https://www.statmuse.com/fc/ask/barcelona-shots-on-target-in-the-last-15-games?l=laliga,through_2026-09-13,complete_l15_appearance_sot
2026-09-15,2026/2027,LaLiga,FC Barcelona,2026-08-23,Elche,away,5,0,W,João Cancelo,11,0,1,,0,StatMuse,https://www.statmuse.com/fc/ask/barcelona-shots-on-target-in-the-last-15-games?l=laliga,through_2026-09-13,complete_l15_appearance_sot
2026-09-15,2026/2027,LaLiga,FC Barcelona,2026-08-23,Elche,away,5,0,W,Jules Koundé,11,0,1,,0,StatMuse,https://www.statmuse.com/fc/ask/barcelona-shots-on-target-in-the-last-15-games?l=laliga,through_2026-09-13,complete_l15_appearance_sot
2026-09-15,2026/2027,LaLiga,FC Barcelona,2026-08-23,Elche,away,5,0,W,Karim Adeyemi,64,1,1,,1,StatMuse,https://www.statmuse.com/fc/ask/barcelona-shots-on-target-in-the-last-15-games?l=laliga,through_2026-09-13,complete_l15_appearance_sot
2026-09-15,2026/2027,LaLiga,FC Barcelona,2026-08-23,Elche,away,5,0,W,Lamine Yamal,64,1,1,,0,StatMuse,https://www.statmuse.com/fc/ask/barcelona-shots-on-target-in-the-last-15-games?l=laliga,through_2026-09-13,complete_l15_appearance_sot
2026-09-15,2026/2027,LaLiga,FC Barcelona,2026-08-23,Elche,away,5,0,W,Marc Bernal,79,1,1,,0,StatMuse,https://www.statmuse.com/fc/ask/barcelona-shots-on-target-in-the-last-15-games?l=laliga,through_2026-09-13,complete_l15_appearance_sot
2026-09-15,2026/2027,LaLiga,FC Barcelona,2026-08-23,Elche,away,5,0,W,Pedri,45,0,1,,0,StatMuse,https://www.statmuse.com/fc/ask/barcelona-shots-on-target-in-the-last-15-games?l=laliga,through_2026-09-13,complete_l15_appearance_sot
2026-09-15,2026/2027,LaLiga,FC Barcelona,2026-08-23,Elche,away,5,0,W,Raphinha,79,1,1,,3,StatMuse,https://www.statmuse.com/fc/ask/barcelona-shots-on-target-in-the-last-15-games?l=laliga,through_2026-09-13,complete_l15_appearance_sot
2026-09-15,2026/2027,LaLiga,FC Barcelona,2026-08-23,Elche,away,5,0,W,Xavi Espart,90,1,1,,0,StatMuse,https://www.statmuse.com/fc/ask/barcelona-shots-on-target-in-the-last-15-games?l=laliga,through_2026-09-13,complete_l15_appearance_sot
2026-09-15,2026/2027,LaLiga,FC Barcelona,2026-08-27,Athletic Club,home,2,0,W,Anthony Gordon,79,1,1,,0,StatMuse,https://www.statmuse.com/fc/ask/barcelona-shots-on-target-in-the-last-15-games?l=laliga,through_2026-09-13,complete_l15_appearance_sot
2026-09-15,2026/2027,LaLiga,FC Barcelona,2026-08-27,Athletic Club,home,2,0,W,Dani Olmo,28,0,1,,1,StatMuse,https://www.statmuse.com/fc/ask/barcelona-shots-on-target-in-the-last-15-games?l=laliga,through_2026-09-13,complete_l15_appearance_sot
2026-09-15,2026/2027,LaLiga,FC Barcelona,2026-08-27,Athletic Club,home,2,0,W,Eric García,79,1,1,,0,StatMuse,https://www.statmuse.com/fc/ask/barcelona-shots-on-target-in-the-last-15-games?l=laliga,through_2026-09-13,complete_l15_appearance_sot
2026-09-15,2026/2027,LaLiga,FC Barcelona,2026-08-27,Athletic Club,home,2,0,W,Fermín López,90,1,1,,3,StatMuse,https://www.statmuse.com/fc/ask/barcelona-shots-on-target-in-the-last-15-games?l=laliga,through_2026-09-13,complete_l15_appearance_sot
2026-09-15,2026/2027,LaLiga,FC Barcelona,2026-08-27,Athletic Club,home,2,0,W,Gerard Martín,90,1,1,,0,StatMuse,https://www.statmuse.com/fc/ask/barcelona-shots-on-target-in-the-last-15-games?l=laliga,through_2026-09-13,complete_l15_appearance_sot
2026-09-15,2026/2027,LaLiga,FC Barcelona,2026-08-27,Athletic Club,home,2,0,W,Joan García,90,1,1,,0,StatMuse,https://www.statmuse.com/fc/ask/barcelona-shots-on-target-in-the-last-15-games?l=laliga,through_2026-09-13,complete_l15_appearance_sot
2026-09-15,2026/2027,LaLiga,FC Barcelona,2026-08-27,Athletic Club,home,2,0,W,João Cancelo,6,0,1,,0,StatMuse,https://www.statmuse.com/fc/ask/barcelona-shots-on-target-in-the-last-15-games?l=laliga,through_2026-09-13,complete_l15_appearance_sot
2026-09-15,2026/2027,LaLiga,FC Barcelona,2026-08-27,Athletic Club,home,2,0,W,Jules Koundé,11,0,1,,0,StatMuse,https://www.statmuse.com/fc/ask/barcelona-shots-on-target-in-the-last-15-games?l=laliga,through_2026-09-13,complete_l15_appearance_sot
2026-09-15,2026/2027,LaLiga,FC Barcelona,2026-08-27,Athletic Club,home,2,0,W,Karim Adeyemi,11,0,1,,1,StatMuse,https://www.statmuse.com/fc/ask/barcelona-shots-on-target-in-the-last-15-games?l=laliga,through_2026-09-13,complete_l15_appearance_sot
2026-09-15,2026/2027,LaLiga,FC Barcelona,2026-08-27,Athletic Club,home,2,0,W,Lamine Yamal,90,1,1,,3,StatMuse,https://www.statmuse.com/fc/ask/barcelona-shots-on-target-in-the-last-15-games?l=laliga,through_2026-09-13,complete_l15_appearance_sot
2026-09-15,2026/2027,LaLiga,FC Barcelona,2026-08-27,Athletic Club,home,2,0,W,Marc Bernal,62,1,1,,0,StatMuse,https://www.statmuse.com/fc/ask/barcelona-shots-on-target-in-the-last-15-games?l=laliga,through_2026-09-13,complete_l15_appearance_sot
2026-09-15,2026/2027,LaLiga,FC Barcelona,2026-08-27,Athletic Club,home,2,0,W,Pau Cubarsí,90,1,1,,0,StatMuse,https://www.statmuse.com/fc/ask/barcelona-shots-on-target-in-the-last-15-games?l=laliga,through_2026-09-13,complete_l15_appearance_sot
2026-09-15,2026/2027,LaLiga,FC Barcelona,2026-08-27,Athletic Club,home,2,0,W,Pedri,84,1,1,,0,StatMuse,https://www.statmuse.com/fc/ask/barcelona-shots-on-target-in-the-last-15-games?l=laliga,through_2026-09-13,complete_l15_appearance_sot
2026-09-15,2026/2027,LaLiga,FC Barcelona,2026-08-27,Athletic Club,home,2,0,W,Raphinha,62,1,1,,1,StatMuse,https://www.statmuse.com/fc/ask/barcelona-shots-on-target-in-the-last-15-games?l=laliga,through_2026-09-13,complete_l15_appearance_sot
2026-09-15,2026/2027,LaLiga,FC Barcelona,2026-08-27,Athletic Club,home,2,0,W,Rodri,28,0,1,,0,StatMuse,https://www.statmuse.com/fc/ask/barcelona-shots-on-target-in-the-last-15-games?l=laliga,through_2026-09-13,complete_l15_appearance_sot
2026-09-15,2026/2027,LaLiga,FC Barcelona,2026-08-27,Athletic Club,home,2,0,W,Xavi Espart,90,1,1,,1,StatMuse,https://www.statmuse.com/fc/ask/barcelona-shots-on-target-in-the-last-15-games?l=laliga,through_2026-09-13,complete_l15_appearance_sot
2026-09-15,2026/2027,LaLiga,FC Barcelona,2026-08-31,Rayo Vallecano,home,5,2,W,Andreas Christensen,90,1,1,,0,StatMuse,https://www.statmuse.com/fc/ask/barcelona-shots-on-target-in-the-last-15-games?l=laliga,through_2026-09-13,complete_l15_appearance_sot
2026-09-15,2026/2027,LaLiga,FC Barcelona,2026-08-31,Rayo Vallecano,home,5,2,W,Anthony Gordon,76,1,1,,2,StatMuse,https://www.statmuse.com/fc/ask/barcelona-shots-on-target-in-the-last-15-games?l=laliga,through_2026-09-13,complete_l15_appearance_sot
2026-09-15,2026/2027,LaLiga,FC Barcelona,2026-08-31,Rayo Vallecano,home,5,2,W,Dani Olmo,63,1,1,,0,StatMuse,https://www.statmuse.com/fc/ask/barcelona-shots-on-target-in-the-last-15-games?l=laliga,through_2026-09-13,complete_l15_appearance_sot
2026-09-15,2026/2027,LaLiga,FC Barcelona,2026-08-31,Rayo Vallecano,home,5,2,W,Fermín López,27,0,1,,0,StatMuse,https://www.statmuse.com/fc/ask/barcelona-shots-on-target-in-the-last-15-games?l=laliga,through_2026-09-13,complete_l15_appearance_sot
2026-09-15,2026/2027,LaLiga,FC Barcelona,2026-08-31,Rayo Vallecano,home,5,2,W,Hamza Abdelkarim,5,0,1,,0,StatMuse,https://www.statmuse.com/fc/ask/barcelona-shots-on-target-in-the-last-15-games?l=laliga,through_2026-09-13,complete_l15_appearance_sot
2026-09-15,2026/2027,LaLiga,FC Barcelona,2026-08-31,Rayo Vallecano,home,5,2,W,Joan García,90,1,1,,0,StatMuse,https://www.statmuse.com/fc/ask/barcelona-shots-on-target-in-the-last-15-games?l=laliga,through_2026-09-13,complete_l15_appearance_sot
2026-09-15,2026/2027,LaLiga,FC Barcelona,2026-08-31,Rayo Vallecano,home,5,2,W,João Cancelo,14,0,1,,0,StatMuse,https://www.statmuse.com/fc/ask/barcelona-shots-on-target-in-the-last-15-games?l=laliga,through_2026-09-13,complete_l15_appearance_sot
2026-09-15,2026/2027,LaLiga,FC Barcelona,2026-08-31,Rayo Vallecano,home,5,2,W,Jules Koundé,90,1,1,,0,StatMuse,https://www.statmuse.com/fc/ask/barcelona-shots-on-target-in-the-last-15-games?l=laliga,through_2026-09-13,complete_l15_appearance_sot
2026-09-15,2026/2027,LaLiga,FC Barcelona,2026-08-31,Rayo Vallecano,home,5,2,W,Karim Adeyemi,14,0,1,,1,StatMuse,https://www.statmuse.com/fc/ask/barcelona-shots-on-target-in-the-last-15-games?l=laliga,through_2026-09-13,complete_l15_appearance_sot
2026-09-15,2026/2027,LaLiga,FC Barcelona,2026-08-31,Rayo Vallecano,home,5,2,W,Lamine Yamal,90,1,1,,2,StatMuse,https://www.statmuse.com/fc/ask/barcelona-shots-on-target-in-the-last-15-games?l=laliga,through_2026-09-13,complete_l15_appearance_sot
2026-09-15,2026/2027,LaLiga,FC Barcelona,2026-08-31,Rayo Vallecano,home,5,2,W,Marc Bernal,63,1,1,,1,StatMuse,https://www.statmuse.com/fc/ask/barcelona-shots-on-target-in-the-last-15-games?l=laliga,through_2026-09-13,complete_l15_appearance_sot
2026-09-15,2026/2027,LaLiga,FC Barcelona,2026-08-31,Rayo Vallecano,home,5,2,W,Pau Cubarsí,90,1,1,,0,StatMuse,https://www.statmuse.com/fc/ask/barcelona-shots-on-target-in-the-last-15-games?l=laliga,through_2026-09-13,complete_l15_appearance_sot
2026-09-15,2026/2027,LaLiga,FC Barcelona,2026-08-31,Rayo Vallecano,home,5,2,W,Pedri,76,1,1,,0,StatMuse,https://www.statmuse.com/fc/ask/barcelona-shots-on-target-in-the-last-15-games?l=laliga,through_2026-09-13,complete_l15_appearance_sot
2026-09-15,2026/2027,LaLiga,FC Barcelona,2026-08-31,Rayo Vallecano,home,5,2,W,Raphinha,85,1,1,,3,StatMuse,https://www.statmuse.com/fc/ask/barcelona-shots-on-target-in-the-last-15-games?l=laliga,through_2026-09-13,complete_l15_appearance_sot
2026-09-15,2026/2027,LaLiga,FC Barcelona,2026-08-31,Rayo Vallecano,home,5,2,W,Rodri,27,0,1,,0,StatMuse,https://www.statmuse.com/fc/ask/barcelona-shots-on-target-in-the-last-15-games?l=laliga,through_2026-09-13,complete_l15_appearance_sot
2026-09-15,2026/2027,LaLiga,FC Barcelona,2026-08-31,Rayo Vallecano,home,5,2,W,Xavi Espart,90,1,1,,0,StatMuse,https://www.statmuse.com/fc/ask/barcelona-shots-on-target-in-the-last-15-games?l=laliga,through_2026-09-13,complete_l15_appearance_sot
2026-09-15,2026/2027,LaLiga,FC Barcelona,2026-09-06,Valencia,away,5,0,W,Andreas Christensen,29,0,1,,0,StatMuse,https://www.statmuse.com/fc/ask/barcelona-shots-on-target-in-the-last-15-games?l=laliga,through_2026-09-13,complete_l15_appearance_sot
2026-09-15,2026/2027,LaLiga,FC Barcelona,2026-09-06,Valencia,away,5,0,W,Anthony Gordon,61,1,1,,1,StatMuse,https://www.statmuse.com/fc/ask/barcelona-shots-on-target-in-the-last-15-games?l=laliga,through_2026-09-13,complete_l15_appearance_sot
2026-09-15,2026/2027,LaLiga,FC Barcelona,2026-09-06,Valencia,away,5,0,W,Dani Olmo,16,0,1,,0,StatMuse,https://www.statmuse.com/fc/ask/barcelona-shots-on-target-in-the-last-15-games?l=laliga,through_2026-09-13,complete_l15_appearance_sot
2026-09-15,2026/2027,LaLiga,FC Barcelona,2026-09-06,Valencia,away,5,0,W,Eric García,28,1,1,,0,StatMuse,https://www.statmuse.com/fc/ask/barcelona-shots-on-target-in-the-last-15-games?l=laliga,through_2026-09-13,complete_l15_appearance_sot
2026-09-15,2026/2027,LaLiga,FC Barcelona,2026-09-06,Valencia,away,5,0,W,Fermín López,74,1,1,,3,StatMuse,https://www.statmuse.com/fc/ask/barcelona-shots-on-target-in-the-last-15-games?l=laliga,through_2026-09-13,complete_l15_appearance_sot
2026-09-15,2026/2027,LaLiga,FC Barcelona,2026-09-06,Valencia,away,5,0,W,Gabriel Jesus,10,0,1,,0,StatMuse,https://www.statmuse.com/fc/ask/barcelona-shots-on-target-in-the-last-15-games?l=laliga,through_2026-09-13,complete_l15_appearance_sot
2026-09-15,2026/2027,LaLiga,FC Barcelona,2026-09-06,Valencia,away,5,0,W,Gerard Martín,90,1,1,,0,StatMuse,https://www.statmuse.com/fc/ask/barcelona-shots-on-target-in-the-last-15-games?l=laliga,through_2026-09-13,complete_l15_appearance_sot
2026-09-15,2026/2027,LaLiga,FC Barcelona,2026-09-06,Valencia,away,5,0,W,Joan García,90,1,1,,0,StatMuse,https://www.statmuse.com/fc/ask/barcelona-shots-on-target-in-the-last-15-games?l=laliga,through_2026-09-13,complete_l15_appearance_sot
2026-09-15,2026/2027,LaLiga,FC Barcelona,2026-09-06,Valencia,away,5,0,W,Jules Koundé,62,0,1,,0,StatMuse,https://www.statmuse.com/fc/ask/barcelona-shots-on-target-in-the-last-15-games?l=laliga,through_2026-09-13,complete_l15_appearance_sot
2026-09-15,2026/2027,LaLiga,FC Barcelona,2026-09-06,Valencia,away,5,0,W,Karim Adeyemi,29,0,1,,0,StatMuse,https://www.statmuse.com/fc/ask/barcelona-shots-on-target-in-the-last-15-games?l=laliga,through_2026-09-13,complete_l15_appearance_sot
2026-09-15,2026/2027,LaLiga,FC Barcelona,2026-09-06,Valencia,away,5,0,W,Lamine Yamal,90,1,1,,4,StatMuse,https://www.statmuse.com/fc/ask/barcelona-shots-on-target-in-the-last-15-games?l=laliga,through_2026-09-13,complete_l15_appearance_sot
2026-09-15,2026/2027,LaLiga,FC Barcelona,2026-09-06,Valencia,away,5,0,W,Marc Bernal,29,0,1,,0,StatMuse,https://www.statmuse.com/fc/ask/barcelona-shots-on-target-in-the-last-15-games?l=laliga,through_2026-09-13,complete_l15_appearance_sot
2026-09-15,2026/2027,LaLiga,FC Barcelona,2026-09-06,Valencia,away,5,0,W,Pau Cubarsí,61,1,1,,0,StatMuse,https://www.statmuse.com/fc/ask/barcelona-shots-on-target-in-the-last-15-games?l=laliga,through_2026-09-13,complete_l15_appearance_sot
2026-09-15,2026/2027,LaLiga,FC Barcelona,2026-09-06,Valencia,away,5,0,W,Pedri,80,1,1,,1,StatMuse,https://www.statmuse.com/fc/ask/barcelona-shots-on-target-in-the-last-15-games?l=laliga,through_2026-09-13,complete_l15_appearance_sot
2026-09-15,2026/2027,LaLiga,FC Barcelona,2026-09-06,Valencia,away,5,0,W,Raphinha,90,1,1,,1,StatMuse,https://www.statmuse.com/fc/ask/barcelona-shots-on-target-in-the-last-15-games?l=laliga,through_2026-09-13,complete_l15_appearance_sot
2026-09-15,2026/2027,LaLiga,FC Barcelona,2026-09-06,Valencia,away,5,0,W,Rodri,61,1,1,,0,StatMuse,https://www.statmuse.com/fc/ask/barcelona-shots-on-target-in-the-last-15-games?l=laliga,through_2026-09-13,complete_l15_appearance_sot
2026-09-15,2026/2027,LaLiga,FC Barcelona,2026-09-06,Valencia,away,5,0,W,Xavi Espart,90,1,1,,0,StatMuse,https://www.statmuse.com/fc/ask/barcelona-shots-on-target-in-the-last-15-games?l=laliga,through_2026-09-13,complete_l15_appearance_sot
2026-09-15,2026/2027,LaLiga,FC Barcelona,2026-09-13,Levante,away,4,2,W,Andreas Christensen,45,0,1,,0,StatMuse,https://www.statmuse.com/fc/ask/barcelona-shots-on-target-in-the-last-15-games?l=laliga,through_2026-09-13,complete_l15_appearance_sot
2026-09-15,2026/2027,LaLiga,FC Barcelona,2026-09-13,Levante,away,4,2,W,Anthony Gordon,66,1,1,,0,StatMuse,https://www.statmuse.com/fc/ask/barcelona-shots-on-target-in-the-last-15-games?l=laliga,through_2026-09-13,complete_l15_appearance_sot
2026-09-15,2026/2027,LaLiga,FC Barcelona,2026-09-13,Levante,away,4,2,W,Dani Olmo,25,0,1,,0,StatMuse,https://www.statmuse.com/fc/ask/barcelona-shots-on-target-in-the-last-15-games?l=laliga,through_2026-09-13,complete_l15_appearance_sot
2026-09-15,2026/2027,LaLiga,FC Barcelona,2026-09-13,Levante,away,4,2,W,Eric García,90,1,1,,0,StatMuse,https://www.statmuse.com/fc/ask/barcelona-shots-on-target-in-the-last-15-games?l=laliga,through_2026-09-13,complete_l15_appearance_sot
2026-09-15,2026/2027,LaLiga,FC Barcelona,2026-09-13,Levante,away,4,2,W,Fermín López,90,1,1,,0,StatMuse,https://www.statmuse.com/fc/ask/barcelona-shots-on-target-in-the-last-15-games?l=laliga,through_2026-09-13,complete_l15_appearance_sot
2026-09-15,2026/2027,LaLiga,FC Barcelona,2026-09-13,Levante,away,4,2,W,Gerard Martín,45,1,1,,0,StatMuse,https://www.statmuse.com/fc/ask/barcelona-shots-on-target-in-the-last-15-games?l=laliga,through_2026-09-13,complete_l15_appearance_sot
2026-09-15,2026/2027,LaLiga,FC Barcelona,2026-09-13,Levante,away,4,2,W,Joan García,90,1,1,,0,StatMuse,https://www.statmuse.com/fc/ask/barcelona-shots-on-target-in-the-last-15-games?l=laliga,through_2026-09-13,complete_l15_appearance_sot
2026-09-15,2026/2027,LaLiga,FC Barcelona,2026-09-13,Levante,away,4,2,W,João Cancelo,11,0,1,,0,StatMuse,https://www.statmuse.com/fc/ask/barcelona-shots-on-target-in-the-last-15-games?l=laliga,through_2026-09-13,complete_l15_appearance_sot
2026-09-15,2026/2027,LaLiga,FC Barcelona,2026-09-13,Levante,away,4,2,W,Karim Adeyemi,24,0,1,,2,StatMuse,https://www.statmuse.com/fc/ask/barcelona-shots-on-target-in-the-last-15-games?l=laliga,through_2026-09-13,complete_l15_appearance_sot
2026-09-15,2026/2027,LaLiga,FC Barcelona,2026-09-13,Levante,away,4,2,W,Lamine Yamal,65,1,1,,2,StatMuse,https://www.statmuse.com/fc/ask/barcelona-shots-on-target-in-the-last-15-games?l=laliga,through_2026-09-13,complete_l15_appearance_sot
2026-09-15,2026/2027,LaLiga,FC Barcelona,2026-09-13,Levante,away,4,2,W,Marc Bernal,25,0,1,,0,StatMuse,https://www.statmuse.com/fc/ask/barcelona-shots-on-target-in-the-last-15-games?l=laliga,through_2026-09-13,complete_l15_appearance_sot
2026-09-15,2026/2027,LaLiga,FC Barcelona,2026-09-13,Levante,away,4,2,W,Pau Cubarsí,90,1,1,,0,StatMuse,https://www.statmuse.com/fc/ask/barcelona-shots-on-target-in-the-last-15-games?l=laliga,through_2026-09-13,complete_l15_appearance_sot
2026-09-15,2026/2027,LaLiga,FC Barcelona,2026-09-13,Levante,away,4,2,W,Pedri,65,1,1,,0,StatMuse,https://www.statmuse.com/fc/ask/barcelona-shots-on-target-in-the-last-15-games?l=laliga,through_2026-09-13,complete_l15_appearance_sot
2026-09-15,2026/2027,LaLiga,FC Barcelona,2026-09-13,Levante,away,4,2,W,Raphinha,90,1,1,,1,StatMuse,https://www.statmuse.com/fc/ask/barcelona-shots-on-target-in-the-last-15-games?l=laliga,through_2026-09-13,complete_l15_appearance_sot
2026-09-15,2026/2027,LaLiga,FC Barcelona,2026-09-13,Levante,away,4,2,W,Rodri,90,1,1,,0,StatMuse,https://www.statmuse.com/fc/ask/barcelona-shots-on-target-in-the-last-15-games?l=laliga,through_2026-09-13,complete_l15_appearance_sot
2026-09-15,2026/2027,LaLiga,FC Barcelona,2026-09-13,Levante,away,4,2,W,Xavi Espart,79,1,1,,1,StatMuse,https://www.statmuse.com/fc/ask/barcelona-shots-on-target-in-the-last-15-games?l=laliga,through_2026-09-13,complete_l15_appearance_sot
